Employee ID,Name,Age,Department,Job Title,Experience Level,Salary
8019,Eric Ashley,59,Marketing,Consultant,Junior,75916.74
5672,Cheryl Arias,55,Engineering,Analyst,Senior,114438.25
5443,Kathy Peterson,43,Marketing,Technician,Mid-level,47242.74
2201,William Nichols,42,Customer Service,Sales Executive,Mid-level,101528.82
5248,Michael Fleming,57,Marketing,Analyst,Senior,67231.22
1749,Patrick Massey,60,Engineering,Consultant,Mid-level,109487.43
2337,Jennifer Johnson,55,Engineering,Engineer,Junior,71437.12
4184,Marcus Anderson,58,Engineering,Engineer,Junior,76591.18
8003,Christopher Burton,50,Marketing,Consultant,Mid-level,31961.57
2936,Brandon Wilson,24,IT,Analyst,Junior,77594.4
5427,Rachael Palmer,36,Customer Service,Analyst,Mid-level,113889.25
3731,Alejandro Cook,35,Finance,Technician,Mid-level,82075.61
4627,James Gutierrez,43,Engineering,Consultant,Senior,48022.67
8160,James Montgomery,49,Marketing,Analyst,Senior,46325.82
5636,Stephanie Ramos,36,Engineering,Developer,Mid-level,30130.45
3504,Justin Davis,24,Finance,Developer,Junior,69669.18
5907,Matthew Murphy,37,Marketing,Developer,Senior,31433.44
7200,Michael Hernandez,23,Marketing,Technician,Mid-level,60827.36
3911,Valerie Smith,39,Finance,Analyst,Junior,40280.07
1651,Keith Reese DDS,44,Sales,Consultant,Junior,85519.18
6677,Bradley Turner,24,Sales,Developer,Senior,105643.66
3300,Ashley Davis,23,Finance,Engineer,Mid-level,71819.75
9810,Chase Perkins,25,IT,Developer,Mid-level,59276.23
6158,Philip Werner,33,Marketing,Sales Executive,Senior,43008.3
1791,Julia Burke,26,Finance,Technician,Junior,33706.42
4302,Savannah Kramer,31,Engineering,Developer,Mid-level,60019.86
9353,Steven Wilson,22,Finance,Engineer,Mid-level,37768.88
3869,Eileen Baker PhD,35,Engineering,Technician,Junior,30314.36
9858,Christina Caldwell,45,IT,Technician,Junior,89257.97
3523,Dr. Robert Jackson,54,Customer Service,Sales Executive,Junior,60149.51
1043,Courtney Thomas,57,Finance,Manager,Junior,99037.59
6789,Russell Haas,28,Marketing,Technician,Junior,61274.39
8343,Claudia Oconnor,32,Customer Service,Engineer,Mid-level,67977.12
1287,John Kim,39,Sales,Developer,Junior,36906.96
2619,William Huber,35,Sales,Technician,Senior,82629.15
2309,Nicole Haney,28,Customer Service,Analyst,Senior,79671.42
1355,Natasha Fisher,34,Finance,Consultant,Senior,52776.47
6230,David Carpenter,24,HR,Analyst,Junior,89432.37
9777,Stephen Ward,55,IT,Sales Executive,Junior,106770.22
8653,Lisa Anderson,27,IT,Manager,Mid-level,30313.82
6768,Derek Medina,53,Customer Service,Developer,Junior,118482.26
6716,Justin Rose,57,HR,Sales Executive,Junior,35253.68
2525,Darlene Henry,26,Finance,Sales Executive,Senior,86594.8
7211,Mark Romero,25,Finance,Analyst,Junior,31483.54
6787,Robert Jones,30,Marketing,Technician,Mid-level,89310.46
5699,Marilyn Ross,47,Sales,Engineer,Mid-level,42503.46
6379,Michelle Lopez,52,HR,Technician,Mid-level,73536.21
5121,Courtney Smith,28,Finance,Manager,Mid-level,113144.8
7617,Lori Boyd,35,IT,Technician,Mid-level,96659.68
1543,Mr. Aaron Webb PhD,29,Engineering,Developer,Junior,66705.23
4879,Thomas Smith,45,HR,Analyst,Mid-level,50369.42
1463,Kimberly Hughes,31,Finance,Consultant,Mid-level,46910.7
5202,Matthew Mcdowell,47,Marketing,Engineer,Senior,106764.39
3389,Ashley Spence,35,Sales,Manager,Mid-level,119769.48
6108,Kathy Howell MD,42,Engineering,Engineer,Senior,32664.14
3051,Jonathan Russell,26,Engineering,Developer,Junior,35913.69
2940,Steven Kelley,24,Sales,Engineer,Mid-level,31230.35
7888,Mark Cardenas,52,HR,Sales Executive,Junior,86508.8
3705,Mario Kim,52,HR,Manager,Junior,81091.16
6274,Brittany Gibson,31,Customer Service,Technician,Senior,80585.36
7493,Shirley Obrien,37,Sales,Engineer,Senior,106187.09
1906,Alexis Harper,29,HR,Engineer,Junior,67872.51
7613,Kathryn Murphy PhD,54,Marketing,Developer,Mid-level,81441.37
1759,Luis Martin,55,IT,Technician,Mid-level,77855.93
5494,Leah Morris,42,Engineering,Sales Executive,Senior,54432.53
6655,Sandra Cochran,44,HR,Sales Executive,Senior,53003.5
2651,Darrell Bryant,30,Marketing,Sales Executive,Mid-level,101956.55
7177,Tyler Green,24,HR,Engineer,Junior,79549.49
7705,Jeffrey Williams,48,Sales,Consultant,Junior,53070.34
4868,Kendra Rodriguez,25,Finance,Technician,Senior,71942.01
6547,Kelsey Peterson,22,Sales,Technician,Senior,32504.58
6522,Jeremy Dominguez,30,Customer Service,Sales Executive,Senior,64280.08
9082,Christian Allen,41,Engineering,Manager,Junior,94186.1
4198,Diane Rodriguez,46,Marketing,Technician,Senior,34478.04
6663,Kevin Nichols,59,Customer Service,Sales Executive,Mid-level,36881.35
9844,Alex Weaver,53,Finance,Engineer,Mid-level,106467.78
1341,Carol White,28,Customer Service,Engineer,Junior,86073.62
2132,Cynthia Hill,50,IT,Sales Executive,Junior,98729.52
4251,Mike Hoover,48,Engineering,Engineer,Senior,106372.33
3393,Connor Sims,28,Sales,Manager,Junior,96371.11
6240,Antonio Mitchell,49,Finance,Manager,Junior,50359.4
8095,Christopher Lewis,53,Finance,Developer,Junior,79645.99
6852,Joshua Grant,36,HR,Developer,Mid-level,46571.11
1052,David Rice,22,Finance,Developer,Senior,45083.96
1090,Mrs. Kimberly Murphy PhD,23,Engineering,Analyst,Mid-level,34607.64
3202,Crystal Garcia,52,HR,Consultant,Mid-level,60787.88
2017,Anthony Santos,33,Customer Service,Technician,Mid-level,57190.21
3717,Jordan Robertson,35,Marketing,Analyst,Junior,109749.94
3624,Steven Smith,33,Marketing,Analyst,Senior,46927.23
7441,Christopher Bowman,56,HR,Developer,Senior,76465.87
5181,Aaron Hill,37,Finance,Consultant,Senior,36943.89
7676,Jennifer Buck,35,Sales,Analyst,Junior,40791.92
3187,Susan Kaufman,24,HR,Developer,Senior,78337.18
8387,Jeanne Franklin MD,58,IT,Technician,Senior,84084.42
7181,Misty Fitzgerald,45,IT,Sales Executive,Senior,68256.89
2213,Frank Price,57,Finance,Manager,Senior,101464.74
9020,Sarah Davis,53,Finance,Sales Executive,Mid-level,111633.74
1332,Amanda Bowman,53,Finance,Developer,Senior,32872.43
3894,Amber Smith,22,Marketing,Manager,Senior,114787.74
6862,Jamie Howard,36,Finance,Developer,Mid-level,39292.27
8464,Steve Johnson,30,Engineering,Sales Executive,Junior,96045.24
7972,Amanda Dalton,45,IT,Technician,Junior,119498.33
4634,Lisa Frank,22,HR,Consultant,Junior,44392.71
1039,Matthew Henry,31,IT,Consultant,Junior,36069.66
8047,Brad Reyes,60,IT,Analyst,Senior,119979.34
7588,Tiffany Garcia,56,Finance,Manager,Senior,97878.41
4204,Steve Hamilton,57,Finance,Manager,Mid-level,37310.08
3483,Brian Kim,60,Sales,Consultant,Mid-level,33680.13
4549,Sharon Franklin,54,HR,Developer,Senior,70693.16
3998,James Blair,51,Sales,Developer,Junior,73004.22
8636,Joshua Rogers,25,Customer Service,Sales Executive,Mid-level,66199.17
9167,Jessica Barnett,36,HR,Manager,Senior,67130.74
1136,Vickie Knight,45,IT,Engineer,Mid-level,101299.77
4814,Randall Barnett,36,Engineering,Technician,Mid-level,111991.51
2078,Tammy Garza,48,Marketing,Engineer,Junior,43106.81
7545,Elizabeth Sherman,29,Finance,Consultant,Junior,113995.83
3340,Angela Rose,24,IT,Developer,Junior,91544.64
3314,James Gallegos,42,Marketing,Engineer,Junior,50978.3
5401,Sandra Harris,60,Engineering,Manager,Senior,67157.37
4980,Jeremy Molina,49,Customer Service,Engineer,Mid-level,32756.36
3418,Jennifer Dixon,49,Engineering,Manager,Senior,110095.88
8105,Jonathan Moore,34,HR,Consultant,Senior,64352.67
3394,Cody Greene,60,Sales,Technician,Junior,78458.92
7134,Shannon Thompson,42,Sales,Developer,Junior,37280.61
5082,Michael Buck,24,HR,Developer,Mid-level,64328.35
9088,Andrew Rodriguez,29,Finance,Engineer,Junior,54068.62
7944,Natalie Diaz,51,HR,Consultant,Senior,51184.19
5016,Jennifer Mayo,33,Sales,Technician,Mid-level,69455.06
2766,Hector Velazquez,24,Marketing,Sales Executive,Mid-level,35985.92
8477,Mrs. Tanya Paul MD,32,Engineering,Engineer,Junior,52945.4
4557,Christina Lucas,26,HR,Manager,Junior,112425.81
9373,Erika Dominguez,51,Engineering,Analyst,Mid-level,50151.8
6184,Amanda Sheppard MD,24,Sales,Developer,Senior,90225.34
9176,Shawn Allen,36,Customer Service,Technician,Junior,106684.37
6319,Lori Mcdaniel,37,Customer Service,Technician,Junior,118586.7
3878,Gina Powers,33,Sales,Developer,Senior,52704.7
8898,Samuel Hunt,31,Customer Service,Sales Executive,Mid-level,106421.97
5184,Timothy Ochoa,42,Customer Service,Manager,Mid-level,98716.96
5891,Lisa Morris,49,HR,Analyst,Senior,68213.95
4221,Robert Pacheco,26,Customer Service,Analyst,Mid-level,85732.54
5647,Jason Alexander,44,Customer Service,Consultant,Senior,114796.53
2388,Roberto Pope,31,IT,Consultant,Mid-level,38483.95
9317,Lori Johnson,37,Customer Service,Manager,Senior,74271.82
1796,Anne Henry,48,Marketing,Technician,Senior,97247.96
5769,Jordan Whitney,53,Finance,Manager,Junior,91441.71
4028,Jerry Johnson,60,IT,Sales Executive,Senior,36653.23
8650,Philip Peterson,39,HR,Developer,Mid-level,94372.55
9667,Charles Blanchard,47,HR,Consultant,Senior,42586.96
1769,Lee Stewart,58,HR,Analyst,Junior,109148
8316,Brian Mcgee,39,Customer Service,Consultant,Senior,74445.23
4691,Lonnie Mcfarland,57,IT,Engineer,Senior,50018.66
8513,Donna Keller,48,IT,Engineer,Senior,49271.27
7663,Michael Larson,33,Customer Service,Engineer,Junior,113897.72
7607,Ashley Fitzgerald,30,Customer Service,Developer,Junior,116739.92
8430,Maria Lozano,39,Marketing,Engineer,Senior,54703.03
1359,Kimberly Hall,57,Customer Service,Consultant,Senior,103735.83
9110,James Duarte,25,Customer Service,Manager,Junior,95948.7
9237,Victoria Macdonald,41,Engineering,Developer,Senior,31449.73
7229,Michele Ford,27,HR,Engineer,Senior,82209.38
4956,Dr. Scott Hopkins,23,Sales,Manager,Junior,105228.44
8197,Diana Cunningham,53,Finance,Consultant,Senior,38793.4
1601,Mark Scott,41,Finance,Analyst,Junior,44059.75
1552,Scott Lopez,56,HR,Consultant,Junior,63911.04
6194,Matthew Fuentes,43,Customer Service,Sales Executive,Junior,99978.7
6735,Gabriel Graham MD,44,IT,Consultant,Junior,116164.47
7809,Jonathan Thompson,41,HR,Consultant,Mid-level,56932.14
8674,Bryan Hudson,35,Finance,Sales Executive,Junior,49285.86
9259,Jordan Brown,54,Finance,Consultant,Junior,59650.1
4523,Randy Hull,38,Finance,Engineer,Mid-level,100853.54
4341,Michael Smith,32,IT,Engineer,Senior,42091.34
7958,Mr. Terry Martinez,31,Finance,Engineer,Senior,34471.18
8624,Kimberly Sanders,43,IT,Developer,Junior,103159.43
9794,Charles Moran,51,Finance,Technician,Mid-level,56217.01
9820,Gary Johnson,56,IT,Engineer,Mid-level,80781.12
6942,Douglas Washington,30,Marketing,Engineer,Junior,85346.85
9579,Donald Miller,25,Finance,Technician,Junior,66996.41
6260,Barbara Young,22,Sales,Engineer,Mid-level,31114.72
9357,Tammy Smith,60,HR,Consultant,Junior,91840.46
9049,Angel Tate,27,IT,Technician,Junior,81535.82
1469,Michelle Holmes,43,IT,Analyst,Mid-level,43881.26
7591,Christina Dean,35,Customer Service,Consultant,Mid-level,84898.34
8785,Brittany Gray,59,IT,Engineer,Mid-level,46069.78
8542,Tammie Cook,24,IT,Consultant,Mid-level,66568.55
4994,Autumn House,39,IT,Technician,Mid-level,35146.57
4131,David Tran,26,HR,Manager,Senior,86419.58
5690,Kent Orozco,39,Marketing,Developer,Senior,41713.22
6892,Brittany Taylor,40,Engineering,Analyst,Mid-level,71055.91
2090,James Stewart MD,37,Finance,Sales Executive,Junior,67575.75
6388,Michelle Morris,41,Customer Service,Sales Executive,Mid-level,41975.52
3619,Jennifer Jones,42,IT,Sales Executive,Mid-level,58930.87
9783,Jerry Brooks,24,Marketing,Analyst,Junior,45745.52
7427,Jeffrey Hardy,43,HR,Developer,Junior,66631.55
2348,Heidi Riddle,29,Customer Service,Manager,Senior,83596.32
9660,Donald Washington,29,Finance,Engineer,Junior,45085.02
2806,Samuel Jimenez,48,Customer Service,Consultant,Mid-level,39848.17
2026,Valerie Lamb,54,Sales,Engineer,Junior,111653.84
2027,Michelle Wagner,39,Sales,Manager,Junior,57648.8
1188,Charles Davis,24,HR,Engineer,Senior,68755.77
5071,Dylan Hamilton II,29,Sales,Engineer,Senior,99137.3
9203,Daniel Ayala,36,Finance,Analyst,Senior,92613.6
7478,Rebecca Arnold,54,Customer Service,Analyst,Junior,76843.41
8150,Luis Mathis,59,Customer Service,Technician,Mid-level,105911.79
4626,Michael Walls,44,HR,Sales Executive,Mid-level,109942.2
6695,Christopher Martin,56,Marketing,Manager,Junior,86194.53
4008,Cathy Green,28,Marketing,Technician,Senior,114049.31
1803,Aaron Mccall,44,IT,Analyst,Mid-level,88208.77
3404,Jason Schmitt,26,Engineering,Analyst,Mid-level,72984.03
5977,Dr. Heather Chan,48,Sales,Developer,Junior,90193.31
9913,Lindsay Perry,44,Sales,Manager,Senior,79607.9
2817,Amy Richardson,30,Customer Service,Consultant,Senior,92222.98
9669,Jacob Martin,33,Customer Service,Analyst,Junior,91774.85
5339,Pamela Sullivan,50,HR,Engineer,Junior,69896.58
3614,Alec Bradford,29,HR,Developer,Mid-level,117737.34
4376,Sean Scott,37,Finance,Developer,Junior,114657.41
9142,Nicole Osborne,46,Engineering,Engineer,Senior,33824.51
2483,Joshua Flowers,44,Sales,Engineer,Junior,82521.93
7437,Jeffery Lucas,46,Marketing,Technician,Junior,82940.13
2576,Lindsey Williams,49,Sales,Developer,Senior,105038.33
5906,Shari Schmidt,29,Engineering,Sales Executive,Mid-level,42987.84
8264,Anna Sloan,48,HR,Technician,Junior,103246.32
2686,Benjamin Sanchez,27,Marketing,Analyst,Junior,98147.01
1584,Tonya Hunt,49,Marketing,Analyst,Mid-level,63400.3
1767,Melissa Allen,30,Finance,Manager,Mid-level,40489.99
8518,Samuel Shaw,55,IT,Sales Executive,Junior,49266.16
3241,Eric Rasmussen,32,IT,Manager,Mid-level,111752.71
1334,Kristina Castillo,59,IT,Technician,Mid-level,91201.29
3677,Jesse Garcia,38,Customer Service,Developer,Mid-level,70889.48
7373,Michelle Taylor,58,Customer Service,Analyst,Mid-level,63862.43
2764,Ashley Tucker,24,HR,Engineer,Mid-level,91808.76
5601,Lori Baker,35,Marketing,Consultant,Senior,36615.37
6929,George Bradley,46,Marketing,Manager,Senior,110481.35
5545,Christopher Thomas,45,Customer Service,Consultant,Mid-level,70300.03
1431,Michael Small,39,IT,Manager,Senior,94355.29
3123,David Macdonald,30,Marketing,Engineer,Senior,54561.89
6762,Misty Cortez,31,Sales,Manager,Mid-level,74114.7
9128,Gary Allison,27,Finance,Technician,Junior,32886.08
7372,David Johnson,40,Customer Service,Consultant,Senior,119086.24
2108,Patricia Johnson,27,Finance,Manager,Senior,32097.38
8478,Aaron Hayes,51,Finance,Analyst,Senior,110006.53
1991,Robin Jordan,45,IT,Engineer,Junior,38274.74
3979,Taylor Lara,25,Customer Service,Manager,Junior,32292.36
5002,Allison Walters,22,HR,Manager,Junior,40662.22
6903,Betty Hodges,57,Engineering,Technician,Junior,50125.96
8284,Miss Jessica Pacheco,40,Engineering,Consultant,Senior,64385.41
3225,Christopher Bishop,26,Sales,Analyst,Mid-level,68628.76
1892,Donna Ramos,49,Marketing,Sales Executive,Senior,46912.35
9629,Kyle Miller,40,Engineering,Technician,Junior,85623.7
1921,Ronald Smith,26,Marketing,Developer,Mid-level,45303.97
5787,Kayla Hayden,49,Marketing,Engineer,Mid-level,116729.83
4094,Johnny Boyle,37,Sales,Developer,Junior,108078.12
1935,Zachary Lewis,24,Customer Service,Consultant,Junior,44843.48
6152,David Galloway,60,Engineering,Consultant,Mid-level,97312.68
5394,Jennifer Reed,58,Finance,Engineer,Mid-level,117905.22
6028,Robert Adams,47,Marketing,Engineer,Mid-level,73110.5
5297,Gabrielle Bolton,50,Sales,Analyst,Junior,34757.51
9140,Raven Martin,55,Sales,Analyst,Junior,107703.54
2734,Zachary Jimenez,24,Finance,Consultant,Mid-level,60598.06
8080,John Riddle,51,Customer Service,Analyst,Mid-level,100171.07
2733,Kara Frey,41,HR,Developer,Junior,109118.15
3883,Lauren Gomez,42,Customer Service,Analyst,Mid-level,55839.68
5940,Andrea Jordan,38,Customer Service,Developer,Mid-level,38415.9
8584,Tammy Perez,51,HR,Analyst,Mid-level,100128.47
7342,Courtney Moore,57,IT,Engineer,Senior,104404.98
4898,Lisa Baxter,48,Finance,Analyst,Junior,66451
1539,Troy Bryant,55,Customer Service,Sales Executive,Junior,46116.78
8823,James Sutton,55,Customer Service,Manager,Junior,60289.97
9281,Nicole Roberts,41,Marketing,Engineer,Junior,69536.88
3113,Jason Carlson,38,Marketing,Manager,Junior,42443.14
6307,Susan Owen,42,Finance,Technician,Senior,72247.79
9459,Sheri Taylor,35,HR,Engineer,Junior,90440.63
5585,Brandy Richard,39,Engineering,Analyst,Mid-level,42112.28
9341,Nicholas Hickman,54,Finance,Engineer,Junior,51606.64
4993,Mrs. Nicole Morgan,35,Engineering,Developer,Mid-level,116875.54
6494,Jason Williams,42,Sales,Manager,Mid-level,50362.02
6164,Catherine Cain,47,HR,Engineer,Junior,108990.32
4632,Marissa Clay,32,Marketing,Developer,Mid-level,110432.52
5117,Mark Bennett,24,Finance,Sales Executive,Mid-level,39677.4
7702,Sara Rios,25,IT,Technician,Mid-level,65694.32
5013,Kayla Logan,25,Customer Service,Manager,Senior,108706.56
2478,Jill Knight,51,Finance,Sales Executive,Senior,78152.47
6616,Kyle Elliott,28,Finance,Technician,Junior,96242.43
7298,Renee Benson,56,Marketing,Developer,Senior,90227.71
8724,Shannon Reed,28,Engineering,Analyst,Junior,30736.21
9106,Michelle Logan,25,IT,Manager,Senior,99631.72
5537,Samuel Andrade,36,IT,Developer,Senior,34692.77
6047,John Wright,52,Finance,Manager,Mid-level,104567.33
9408,Vincent Day,29,IT,Developer,Junior,40507.79
5432,Deborah Green,43,Engineering,Manager,Mid-level,40432.88
6084,Suzanne Lyons,59,Marketing,Consultant,Junior,85100.63
4441,Thomas Oliver,50,HR,Sales Executive,Senior,81297.74
7626,Angela Clements,56,Marketing,Developer,Senior,61149.52
1107,Dr. Melissa Riley DDS,23,Sales,Engineer,Mid-level,38769.98
5857,Jordan Miller DVM,46,Marketing,Manager,Senior,119805.44
2455,Mary Bell,26,Sales,Consultant,Junior,77590.11
6183,Lisa Montgomery,33,Sales,Consultant,Senior,106570.28
6460,Tracie Phillips,57,Sales,Consultant,Mid-level,47923.34
7890,Andrea Wood,23,Sales,Engineer,Junior,67839.11
2896,Laura Bell,40,Customer Service,Consultant,Junior,91392.57
7945,Hector Espinoza,49,Marketing,Technician,Junior,57485.08
1385,Mrs. Rachel Cooper,31,Finance,Manager,Junior,82295.93
9364,Chelsea Morrow,46,IT,Sales Executive,Junior,53548.12
5161,Gregory Lee,60,IT,Analyst,Junior,32007.23
7450,Brian Tucker,55,Marketing,Developer,Mid-level,57533.28
2994,Daniel Garcia,58,Sales,Developer,Junior,104410.06
5863,Marcus Richardson,54,Sales,Analyst,Mid-level,54578.83
5183,Javier Phillips,46,Marketing,Sales Executive,Mid-level,52348.16
9571,Hannah Garcia,24,Sales,Consultant,Mid-level,95174.18
9952,Brenda Schmidt,35,IT,Sales Executive,Mid-level,49902.81
6578,Richard Chapman,38,Finance,Engineer,Senior,50984.73
4610,Adam Smith,32,Finance,Consultant,Junior,74708.74
4046,Lauren Sanchez,27,Marketing,Developer,Mid-level,52626.73
2586,Devin Jones,52,Sales,Consultant,Mid-level,110963.52
3879,Brandon Snyder,47,Finance,Manager,Mid-level,111170.3
3756,Elizabeth Carey,28,HR,Sales Executive,Mid-level,98732
9642,Christine Rangel,57,Marketing,Analyst,Mid-level,117406.08
2028,Kenneth Howard,47,Customer Service,Analyst,Mid-level,106053.88
9476,Loretta Flores,32,IT,Analyst,Mid-level,93203.17
6088,Matthew Medina,53,HR,Engineer,Junior,97724.48
9554,Larry Humphrey,40,Customer Service,Consultant,Senior,119755.75
6390,Kara Ochoa,51,HR,Engineer,Junior,54238.62
8490,Diane Edwards,34,Marketing,Analyst,Senior,118530.81
3406,Regina Elliott,38,Marketing,Sales Executive,Senior,91603.9
6370,Tiffany Clark,35,Sales,Sales Executive,Senior,64576.01
8399,Shannon Lewis,31,Customer Service,Analyst,Mid-level,75120.36
1897,Lauren Davidson,42,HR,Engineer,Senior,51503.22
1079,Bruce Anderson,39,IT,Technician,Mid-level,38675.33
6780,Brittney Lloyd,39,Engineering,Engineer,Junior,46386.96
8980,Stacey Garcia,48,Customer Service,Consultant,Senior,73550.35
3969,Ernest Berg,47,HR,Engineer,Junior,44489.22
6300,Jane Conley,33,Sales,Developer,Senior,38051
3542,Yvonne Cooper,37,Finance,Technician,Senior,90659.49
6479,Chad Mullins,58,Engineering,Developer,Junior,70918.85
8705,Ryan Edwards,33,Sales,Consultant,Mid-level,46442.98
5797,Brandi Reid DVM,38,HR,Developer,Mid-level,113330.65
5222,Todd Powell,39,Engineering,Developer,Junior,34860.8
4493,Tara Chung,56,HR,Technician,Senior,99941.25
9130,Claire Morales,24,Sales,Manager,Senior,68532.2
1965,Matthew Hess,57,Marketing,Consultant,Junior,61102.24
7928,Renee Newton,56,Engineering,Engineer,Senior,92053.49
6980,Julia Stevens,54,Finance,Technician,Senior,68448.8
5310,Michele Myers,26,Customer Service,Consultant,Senior,83280.69
3054,William Brady,26,HR,Engineer,Junior,61436.8
1290,Shannon Caldwell,47,IT,Sales Executive,Mid-level,51944.19
8993,Mary Sanders,37,Engineering,Developer,Junior,110523.47
7585,Timothy Jackson,58,Engineering,Consultant,Mid-level,61804.5
5841,Antonio Snyder,54,Finance,Manager,Mid-level,60101.05
8076,Jacqueline Hernandez,33,Engineering,Analyst,Mid-level,99622.76
4013,Robert Chandler,32,Finance,Sales Executive,Junior,30067.34
8246,Robin Morrison,59,Customer Service,Sales Executive,Mid-level,48133.29
9148,Kathleen Chaney,28,Marketing,Consultant,Senior,57345.08
9004,Maria Patton,27,IT,Analyst,Senior,49544.51
8066,Brian Allen,29,Sales,Manager,Mid-level,105035.34
7413,Nicole Preston,30,Customer Service,Technician,Senior,107383.19
3596,Sherry Wright,41,Marketing,Analyst,Mid-level,92435.64
1841,Charlene Robinson,37,HR,Developer,Junior,103662.65
4534,Nathan Byrd,30,Finance,Consultant,Mid-level,91465.87
8566,Danielle Duncan,28,HR,Manager,Mid-level,69800.29
6099,Christy May,27,Engineering,Analyst,Junior,91377.01
4100,Janet Williams,53,Engineering,Developer,Junior,93340.07
6987,Jason Walker,22,IT,Analyst,Junior,97628.86
4359,David Martinez,58,Engineering,Developer,Mid-level,41683.96
9668,David Meyers,36,Marketing,Analyst,Junior,112860.93
6468,Karen Turner,40,Finance,Technician,Junior,49039.49
2323,Christopher Herman,56,Finance,Technician,Junior,56255.59
7264,Devin Evans,37,Finance,Developer,Senior,113585.85
6091,Cheyenne Sims,34,IT,Consultant,Junior,52917.72
2886,Kelly Thornton,43,Marketing,Consultant,Senior,91201.82
7773,Ethan Blevins,60,IT,Consultant,Senior,57320.03
3838,Timothy Schmidt,40,Customer Service,Analyst,Mid-level,46468.9
7483,Alyssa Cruz,46,Engineering,Technician,Mid-level,105830.77
9532,Stacey Rodriguez,51,HR,Developer,Junior,48822.94
3856,Joshua Ellis,46,IT,Developer,Senior,119705.83
1017,Travis Boyd,36,Marketing,Developer,Junior,52737.11
7140,James Stone,22,Customer Service,Developer,Mid-level,84214.18
7740,Jorge Allen,45,Finance,Analyst,Mid-level,54557.12
8122,Anthony Johnson,59,Sales,Analyst,Senior,114749.3
3576,Joseph Lewis,42,Marketing,Technician,Senior,102643.86
8741,Karina Wiley,34,Sales,Manager,Junior,110720.01
6673,Amy Wise,25,Sales,Sales Executive,Senior,114382.73
3313,Thomas Rios,38,IT,Analyst,Mid-level,56364.8
1520,Cody Melendez MD,22,Sales,Sales Executive,Mid-level,94601.89
8776,Robert Carr,48,Engineering,Consultant,Mid-level,56502.82
7291,Jessica Williams,46,Marketing,Analyst,Mid-level,112864.41
6526,Donna Williams,33,Customer Service,Manager,Mid-level,79772.32
6746,Brandon Clayton,53,Marketing,Analyst,Junior,100804.99
7938,Jennifer Jones,26,Finance,Developer,Senior,48705.2
1700,Hannah Kerr,58,Engineering,Engineer,Senior,95079.57
8249,Kimberly Erickson,59,Engineering,Engineer,Mid-level,53304.84
9171,Tanner Fleming,55,Sales,Sales Executive,Junior,45099.01
8723,William Bass,37,HR,Developer,Mid-level,56948.14
9699,Jeremy Woods,31,Finance,Technician,Mid-level,67257.36
6856,John Smith,48,HR,Consultant,Senior,50905.9
7575,Angela Bryant,27,IT,Technician,Junior,63864.86
8615,Jacob Hendricks,23,Sales,Consultant,Junior,51253.53
1432,Teresa Schultz,41,IT,Manager,Senior,50207.06
3211,Brandon Taylor,39,Engineering,Manager,Mid-level,99272.15
3806,Aaron White,31,Finance,Technician,Senior,32428.65
3577,Shannon Barrett,37,Marketing,Analyst,Mid-level,104507.08
1153,Richard Ford,30,Finance,Manager,Junior,77192.84
8770,Kevin Cooper,50,Sales,Technician,Senior,34569.64
3239,Mr. Paul Ortiz,52,Marketing,Analyst,Senior,54198.81
7984,Brittney Franklin,39,Marketing,Engineer,Mid-level,76216.34
3415,Suzanne Ingram,35,IT,Sales Executive,Junior,79015.37
2562,Shannon Nichols,42,Finance,Sales Executive,Senior,90194.79
9243,Tyler Brown,35,Customer Service,Consultant,Mid-level,82623.61
4129,Jamie Moore,54,HR,Manager,Mid-level,106287.82
6398,Katherine Chapman,37,IT,Developer,Junior,37704.44
3366,Mrs. Diane Ramos PhD,53,Marketing,Technician,Junior,117759.3
2746,Thomas Wiley,24,HR,Manager,Senior,77752.87
6023,Maria Gonzalez,55,Finance,Engineer,Mid-level,91943.78
4815,James Montgomery,54,Sales,Consultant,Mid-level,83010.75
9714,Michelle Brooks,41,HR,Developer,Junior,65733.12
5128,Paul Anderson,59,IT,Technician,Mid-level,112661.15
4488,Ashley Williams,44,IT,Technician,Junior,68304.35
2285,Tina Santiago,39,HR,Sales Executive,Junior,79241.44
6040,Kyle James,48,IT,Developer,Mid-level,51754.31
5903,Jacob Edwards,48,Customer Service,Engineer,Senior,88809.08
4066,Carol Walsh,54,IT,Sales Executive,Junior,31861.8
9399,James Smith,60,Sales,Developer,Mid-level,39200.69
7680,Matthew Avery,54,IT,Consultant,Mid-level,30175.83
9763,Mr. Philip Shaw,60,Sales,Engineer,Senior,115703.61
7169,Rachel Williams,37,Sales,Engineer,Mid-level,64223.31
2983,Samantha Ibarra,40,Engineering,Technician,Junior,100650.22
2512,Kaitlyn Marquez,28,Finance,Developer,Senior,62504.19
1404,Virginia Herrera,46,Engineering,Engineer,Senior,93978.72
4876,Ashley Salazar,23,Sales,Analyst,Senior,82903.27
3863,Frank Carpenter,54,Customer Service,Analyst,Senior,116172.14
9813,Michelle Hurst,35,Sales,Consultant,Mid-level,96777.6
1703,Stephanie Powell,51,Finance,Consultant,Junior,114866.32
4408,Katie Bradshaw,34,Marketing,Technician,Senior,40449.75
7664,Adam Martin,60,Marketing,Engineer,Senior,69297.77
5559,Jennifer Jackson,30,Sales,Technician,Junior,31703.3
4399,Kelly Novak,53,IT,Engineer,Junior,31225.77
4315,Natalie Harris,25,Sales,Technician,Senior,74747.11
9707,Dr. Carmen Durham,55,HR,Engineer,Mid-level,109998.09
8194,Andrea Murphy,46,Sales,Sales Executive,Senior,76698.05
5415,Luke Nicholson,55,Sales,Consultant,Mid-level,104963.31
1321,Bryan Day,32,Sales,Analyst,Senior,35258.43
9300,Lindsey Jackson,36,Marketing,Analyst,Mid-level,100261.44
6248,Andrew Thompson,37,IT,Technician,Senior,33436.09
2134,Timothy Ewing,55,Finance,Technician,Mid-level,30322.63
4751,Patrick Hill,59,Engineering,Manager,Mid-level,70097.69
7832,Jason Beltran,31,Engineering,Sales Executive,Senior,107102.16
5960,Melissa Smith,24,Sales,Sales Executive,Mid-level,118711.92
4196,Christopher Reynolds,42,Finance,Consultant,Junior,37842.15
2157,Ryan Grant,42,Marketing,Engineer,Junior,71939.06
2267,Mark Anderson,39,IT,Developer,Mid-level,40860.92
6188,Melissa Jones,50,Finance,Developer,Junior,75461.65
2174,Daniel Kelley,41,Engineering,Manager,Junior,55968.8
3942,Michelle Rivera,51,HR,Analyst,Junior,81105.33
2891,Lisa Mason,24,Engineering,Engineer,Mid-level,33442.25
8494,Mr. David Smith,42,IT,Analyst,Senior,64867.47
6077,Jason Alvarado,45,Marketing,Sales Executive,Junior,94894.42
2250,Anthony Jones,60,Sales,Developer,Junior,65457.09
6571,Tyler Thomas,35,Customer Service,Sales Executive,Junior,68917.63
3186,Larry Larson,23,Marketing,Engineer,Junior,96055.94
7824,Gary Morton,54,Finance,Sales Executive,Senior,40693.31
5445,Kristina Mcdonald,45,HR,Engineer,Senior,51075.24
2542,Benjamin Smith,58,Marketing,Sales Executive,Mid-level,58132.42
6191,Morgan Ross,60,IT,Analyst,Senior,85958.65
6718,Cheryl Black,39,Customer Service,Engineer,Junior,111379.43
6295,Autumn Lambert,36,HR,Sales Executive,Junior,55431.94
8917,Zachary Cross,48,HR,Technician,Senior,61352.62
6148,Dennis Fisher,26,Sales,Technician,Mid-level,85677.55
1559,Shawn Fletcher,43,IT,Engineer,Mid-level,105696.17
2960,Lauren Munoz,58,HR,Technician,Senior,45741.05
7174,Dr. Vanessa Olson DVM,53,Sales,Analyst,Junior,86267.49
4313,Samantha Davis,31,Sales,Analyst,Mid-level,100277.69
9598,Phillip Clark,50,Customer Service,Sales Executive,Senior,71935.9
4931,Jack Johnson,30,Finance,Consultant,Senior,104968.4
7970,Erik Hill,57,Customer Service,Technician,Senior,37164.18
6592,Stephen Brown,54,Customer Service,Technician,Mid-level,106621.48
7315,Daniel Guerrero,59,Sales,Consultant,Mid-level,115296.15
5088,Darren Gonzalez,42,IT,Developer,Senior,87231.02
4346,Jonathan Wise,23,Marketing,Manager,Junior,118572.25
6878,Hailey Bates,50,Customer Service,Consultant,Junior,88503.98
1379,Lauren Henry,31,Sales,Sales Executive,Senior,119423.66
3769,Andrea Nelson,47,Finance,Developer,Junior,33202.92
2655,Matthew Smith,44,Sales,Analyst,Senior,83708.22
7190,Lori Green,56,Engineering,Developer,Junior,72062.47
6946,Zachary Myers,23,Marketing,Engineer,Senior,115275.44
6342,Kelly Gibson,49,Engineering,Analyst,Mid-level,95311.49
9442,Sarah Patton,42,Finance,Analyst,Junior,73471.04
4892,Ruth Wilcox,56,Sales,Engineer,Senior,78217.1
9326,Beth Martin,50,Customer Service,Technician,Mid-level,103412.49
3833,Ralph Hall,34,Customer Service,Consultant,Mid-level,107018.54
3213,Eric Johnson,44,Marketing,Consultant,Junior,64809.09
7036,Ross Hendrix,51,IT,Engineer,Mid-level,33356.1
9892,Katrina Walsh,36,Marketing,Consultant,Mid-level,36476.32
3098,Cathy Simmons,57,Marketing,Developer,Mid-level,58866.11
6957,James Jackson,55,Customer Service,Consultant,Senior,86486.69
5734,Brent Barrett,51,Finance,Technician,Mid-level,35674.59
6968,Derrick Palmer,57,HR,Consultant,Senior,75780.3
6727,Jessica Villegas,39,Sales,Engineer,Junior,32918.71
1959,Madison Morton,31,Sales,Analyst,Mid-level,111024.99
7050,Angela Savage,54,IT,Manager,Mid-level,90955.31
2118,Elizabeth Rivera,27,Marketing,Consultant,Mid-level,44027.8
3866,Robert Price,31,HR,Technician,Mid-level,119098.67
6785,Stephanie Garcia,39,HR,Engineer,Mid-level,68315.92
3663,Joyce Buck,52,IT,Technician,Mid-level,71569.96
9240,Brian Small,36,Engineering,Engineer,Mid-level,52912.16
7378,Jennifer Cline,32,Sales,Consultant,Junior,109606.17
2316,Jennifer Davis,39,IT,Analyst,Senior,94385.14
1797,Duane Davenport,33,HR,Consultant,Senior,49606.6
5543,Sara Hoffman,57,Engineering,Analyst,Mid-level,108371.44
8033,Marcus Diaz,26,Customer Service,Consultant,Mid-level,53600.31
5762,John Turner,60,Finance,Engineer,Senior,38312.76
1725,Jeffery Maddox,53,IT,Manager,Senior,53714.44
1221,Nicholas Lee,27,Sales,Technician,Senior,40340.58
9750,Danielle Martin,37,HR,Developer,Junior,48738.17
4631,Scott Skinner,44,IT,Analyst,Mid-level,108103.12
4865,Lisa Howell,31,IT,Manager,Junior,69500.03
6909,Edgar Barron,29,IT,Technician,Senior,49214.48
9713,Joseph Douglas,49,Engineering,Sales Executive,Mid-level,93247.24
8103,Jennifer Ho,28,Finance,Manager,Junior,78004.59
4800,Rachel Hogan,55,Engineering,Sales Executive,Senior,95018.78
5404,Jamie Cain,57,Sales,Technician,Senior,107575.13
5084,Stephen Johnson,43,Engineering,Technician,Mid-level,74572.16
2281,Micheal Valdez,27,Sales,Technician,Mid-level,38378.62
5860,Sean Hodges,36,HR,Analyst,Junior,97758.15
8986,Destiny Vega,42,Marketing,Developer,Junior,82980.66
9897,Brenda Thompson,55,Engineering,Analyst,Junior,53744.14
2991,Valerie Mccarthy,41,Sales,Engineer,Mid-level,116085.99
5211,Abigail Scott,53,Engineering,Technician,Mid-level,46485.2
2190,Richard Watson,50,Engineering,Sales Executive,Junior,117194.28
5352,Robert Sullivan,25,Customer Service,Manager,Mid-level,105179.53
6993,Francisco Walker,52,Customer Service,Engineer,Mid-level,107655.31
5342,Emily Williams,25,Marketing,Engineer,Senior,43043.34
8406,Daniel Clark,34,HR,Consultant,Junior,111518.14
4928,Lindsay Curtis,56,HR,Consultant,Senior,111602.38
9782,Anthony Nguyen,31,Finance,Developer,Mid-level,70757.52
9002,Vanessa Cook,22,Marketing,Consultant,Junior,34386.03
5318,Matthew Rojas,28,IT,Analyst,Senior,60415.65
2849,Margaret Martin,37,Sales,Consultant,Junior,64430.36
8769,Melissa Davis,38,Marketing,Analyst,Junior,81055.16
5122,Erin Fleming,58,Sales,Manager,Mid-level,83956.31
5878,Sarah Obrien,54,Finance,Engineer,Senior,81025.12
5724,Karen Gonzalez,39,HR,Manager,Senior,55999.82
4579,Fernando Paul,32,HR,Analyst,Junior,51582.57
3403,Lindsay Bates,32,Finance,Developer,Senior,62261.15
9355,Ashley Rollins,33,Sales,Engineer,Senior,93213.66
3501,Joseph Jones,56,Engineering,Sales Executive,Senior,111609.28
5868,Jacqueline Fitzpatrick,58,Finance,Manager,Senior,107154.7
8981,Diana Wright,58,Customer Service,Analyst,Junior,67220.48
5374,Ian Wong,22,Customer Service,Manager,Junior,77673.44
7375,Erica Lloyd,38,IT,Sales Executive,Senior,41233.58
6004,Alan Jackson,59,Customer Service,Analyst,Mid-level,70704.05
5949,Jerry Mann,58,IT,Engineer,Senior,71202.91
3493,Danielle Ramirez,46,Finance,Engineer,Senior,49793.5
7116,Lawrence Garcia,30,IT,Consultant,Mid-level,96845.8
6428,Lisa Maxwell,41,Marketing,Analyst,Senior,84754.91
6553,Amy Randall,23,Finance,Analyst,Junior,119710.74
4990,James Booker,36,Engineering,Technician,Senior,55927.32
3953,Jessica Salinas,51,Engineering,Developer,Mid-level,48637.35
9395,William Clark,59,Marketing,Sales Executive,Junior,114851.11
4117,Theresa Adams,38,HR,Consultant,Mid-level,77611.85
3999,Emily Thomas,50,Finance,Engineer,Mid-level,45080.67
1490,Mrs. Amy Blair,36,Engineering,Engineer,Junior,95513.91
8465,Alexander Compton,25,Engineering,Developer,Junior,119243.21
6725,Kevin Richardson,33,Marketing,Sales Executive,Mid-level,119863.4
4303,Jon Hicks,47,Marketing,Consultant,Junior,81972.87
6265,John Beasley,27,Finance,Consultant,Mid-level,114533.62
3044,Adam Paul,60,Engineering,Technician,Mid-level,110758.09
7088,Kelly Cunningham,52,Engineering,Sales Executive,Mid-level,97753.35
8545,Luis Gonzalez,51,Finance,Engineer,Junior,82020.18
8562,Matthew Alexander,44,Finance,Engineer,Junior,104056.88
9324,Tracy James,36,IT,Technician,Junior,90684.19
2005,Adam Lee,51,HR,Analyst,Senior,93923.98
3317,Cassandra Lee,52,IT,Manager,Junior,99505.66
2844,Mark Savage,25,Finance,Manager,Junior,43396.77
9270,Destiny Figueroa,52,Finance,Consultant,Junior,112204.34
3377,Steve Gray,25,Finance,Manager,Senior,110948.04
5508,Lisa Harris,28,Sales,Sales Executive,Senior,54475.99
1224,Brittney Anderson,33,IT,Technician,Senior,118420.59
4924,Megan Kidd,47,Engineering,Developer,Senior,72078.16
4506,Maxwell Foster,33,Marketing,Sales Executive,Mid-level,70321.28
4364,Jonathan Wilson,33,Sales,Technician,Mid-level,117601.93
6678,Corey Lambert,49,Customer Service,Analyst,Mid-level,52657.34
9445,David Rodriguez,28,Finance,Sales Executive,Mid-level,50721.41
4484,Frank Ray,41,Marketing,Manager,Senior,31709.52
6402,Kaylee Hall,30,Finance,Engineer,Junior,115147.89
4670,Heather Hurley,49,HR,Manager,Senior,95839.23
7348,Dale Richard,30,Marketing,Developer,Senior,56120.57
5409,Jonathan Guzman,55,Engineering,Engineer,Junior,108630.73
8841,Jason Gordon,55,Finance,Technician,Senior,83096.47
6752,Donald Smith,32,HR,Developer,Senior,98947.89
1602,Valerie Peterson,44,Marketing,Technician,Senior,99433.47
2675,Cassandra Nunez,56,Sales,Analyst,Senior,59614.85
6341,Matthew Brock,26,Customer Service,Sales Executive,Senior,57459.83
7894,Gregory Wilson,56,Finance,Sales Executive,Senior,54385.12
9543,Timothy Arellano,25,Marketing,Manager,Mid-level,111706.98
1198,Joshua Simpson,37,Engineering,Technician,Mid-level,90071.24
4231,Jeremy Murray,25,Sales,Analyst,Mid-level,83058.78
8199,Zachary Wagner,33,HR,Engineer,Junior,101026.9
5104,Laura Wilson,34,IT,Engineer,Mid-level,115272.37
4747,Rebecca Mahoney,26,Finance,Analyst,Mid-level,58093.53
4218,Steven Lowe,54,Finance,Developer,Mid-level,93166.97
5269,Stephanie Brown,39,Customer Service,Consultant,Senior,80450.85
8226,Aaron Perez,25,Customer Service,Engineer,Senior,84839.46
4026,Mr. Adam Nichols,42,Marketing,Developer,Senior,36623.36
9928,Bianca Andrews,44,IT,Technician,Senior,108759.87
8184,Melissa Pollard,51,Sales,Manager,Senior,86992.62
9095,Amanda Vargas,45,Marketing,Sales Executive,Junior,68461.93
4568,Amanda Moore,34,Engineering,Developer,Junior,80449.68
1297,Ronald Patrick,60,IT,Sales Executive,Junior,100124
2443,Dr. Amber Juarez,30,Finance,Analyst,Senior,113001.22
6854,Richard Rodriguez,45,HR,Consultant,Junior,88797.26
3807,Nancy Patterson,34,Engineering,Engineer,Junior,71447.76
8886,Kiara Johnson,22,IT,Analyst,Junior,62829.24
6078,Daniel Kelly,32,Finance,Manager,Mid-level,98931.27
4563,Crystal Gonzalez,22,Marketing,Developer,Junior,68646.09
4386,Natalie Garcia,51,Finance,Analyst,Senior,85198.83
4881,Anthony Guzman,36,Marketing,Sales Executive,Junior,44677.1
8772,Frank Robinson,34,HR,Manager,Senior,52512.06
3809,David Graham,29,Marketing,Engineer,Junior,65939.14
6053,Alex Watkins,30,Sales,Consultant,Junior,105293.13
8260,Gina Reeves,51,Engineering,Analyst,Junior,41045.42
8747,Lisa Mcdowell,38,Marketing,Manager,Mid-level,48603.01
2489,Debbie Woods,35,HR,Developer,Junior,105146.25
5429,Carla Vaughan,23,Sales,Developer,Mid-level,66735.58
1073,Robert Brown,58,Engineering,Technician,Junior,61559.6
5176,Mary Flores,38,Sales,Consultant,Senior,103204.72
7908,Randy Henson,24,Marketing,Consultant,Mid-level,83781.06
8638,Jason Harrell,22,Marketing,Developer,Junior,102054.38
4081,Amber Richards,27,Sales,Manager,Senior,101289.21
3799,Michael Mitchell,50,IT,Sales Executive,Junior,95872.62
8643,Taylor Torres,25,Engineering,Engineer,Senior,112816.43
5825,Kathleen Wright,42,Sales,Consultant,Junior,52178.95
7396,Jessica Molina,50,IT,Sales Executive,Senior,107825.52
7525,Ricky Mcclure,51,Sales,Technician,Junior,74810.1
6287,Elizabeth Jackson,45,Marketing,Manager,Senior,103222.39
2559,Bryan Lin,39,Finance,Consultant,Junior,52954.15
1819,Lisa Fleming,26,Sales,Analyst,Mid-level,58305.22
4803,Sarah Diaz,30,Finance,Sales Executive,Senior,112801.25
2350,Aaron Allen,39,Finance,Analyst,Junior,39891.11
5301,Amanda Terry,60,Sales,Analyst,Mid-level,88757.52
1784,Bradley Wood,40,Marketing,Engineer,Junior,71857.85
7872,Debbie Barnes,24,Customer Service,Sales Executive,Junior,63398.09
9587,Natalie Newman,48,Marketing,Manager,Senior,65110.74
5134,Brian Solis,33,Engineering,Manager,Senior,113471.31
9216,Marc Mack,31,Finance,Analyst,Junior,57012.1
4342,Javier Bradford,55,HR,Manager,Senior,74031.94
9615,Joshua Cobb,52,Finance,Analyst,Junior,46537.83
5139,Amanda Spencer,38,Engineering,Manager,Senior,34153.57
8196,Gerald Williams,51,Engineering,Developer,Senior,74651.44
1132,Mrs. Jennifer Morse,22,Finance,Sales Executive,Mid-level,55218.09
7280,Lori Benson,34,Sales,Consultant,Senior,57555.91
7766,David Hernandez,50,Sales,Consultant,Junior,74991.26
1348,Joshua Osborne,50,Sales,Analyst,Mid-level,100944.81
5689,Christina Robinson DDS,33,Sales,Manager,Mid-level,37086.97
8874,Daniel Smith,54,Sales,Technician,Junior,42183.48
2888,Troy Bentley,45,Sales,Analyst,Junior,50515.29
5735,Victor Thompson,51,Engineering,Sales Executive,Senior,98272.66
7720,Mark Patton,25,HR,Developer,Junior,77237.23
3291,Sean Weber II,26,Sales,Analyst,Junior,117440.47
2594,Jason Lopez,32,IT,Manager,Mid-level,57830.32
8239,Laura Robertson,34,HR,Consultant,Senior,105106.59
3356,Alec James,31,Finance,Engineer,Junior,40381.81
5203,Laura Reyes,40,IT,Analyst,Senior,42213.28
6435,Charles Bennett,36,Customer Service,Analyst,Mid-level,89197.63
1758,Sophia Keller,27,HR,Analyst,Senior,107643.75
3111,Kathleen Marshall,42,Marketing,Sales Executive,Junior,60499.94
5420,Joseph Ferguson,42,HR,Engineer,Senior,113558.59
7597,Tina Hughes,55,Finance,Developer,Mid-level,101227.63
3761,Amanda Armstrong,34,Engineering,Consultant,Senior,68885.71
5630,Sarah Vargas,27,Customer Service,Manager,Mid-level,50781.91
1537,Jennifer Martinez,55,Marketing,Analyst,Mid-level,109129.65
6955,Robert Beck,44,Sales,Developer,Mid-level,71029.96
5399,Jacob Flores,47,IT,Analyst,Senior,74610.82
9770,Heidi Cooper,59,Customer Service,Consultant,Mid-level,54166.69
3981,Sharon Santiago,53,Marketing,Engineer,Mid-level,31351.62
5267,Jerry Jennings,41,Finance,Sales Executive,Mid-level,100680.31
5449,Marie Lopez,43,Marketing,Engineer,Senior,67550.82
2545,Mallory Potter,24,Customer Service,Analyst,Senior,72305.4
4962,Philip Logan,42,IT,Manager,Senior,98555.75
5564,Travis Frazier,45,Sales,Technician,Mid-level,71502.13
8124,Scott Cochran DDS,39,Customer Service,Developer,Mid-level,95020.23
8576,Tanya Turner,26,IT,Technician,Mid-level,84849.4
1711,William Bailey,24,Sales,Consultant,Senior,104358.36
6221,Allen Hatfield,50,HR,Technician,Mid-level,99849.75
5430,Richard Nelson,34,Finance,Manager,Senior,64816.51
1041,Phillip Long,57,Sales,Manager,Junior,36870.14
2718,Joseph Turner,47,HR,Developer,Mid-level,66244.72
2494,Brett Patterson,40,Engineering,Sales Executive,Senior,58211.2
3409,Julia Moore,54,Finance,Analyst,Mid-level,105931.12
4202,Larry Cruz,47,HR,Sales Executive,Senior,113398.35
4240,Christine Ingram,59,Finance,Manager,Mid-level,109871.9
1145,Lauren Bass,36,Customer Service,Technician,Junior,30682.87
9430,Katie York,34,IT,Manager,Mid-level,50472.02
2384,Kelly Cooper,25,IT,Consultant,Junior,61483.5
1089,Roger Curtis,25,Marketing,Technician,Junior,59839.78
3839,Leslie Thompson,56,HR,Analyst,Mid-level,30390.7
7431,Tyler Rodriguez,48,IT,Developer,Senior,51515.41
1681,Aaron York,41,IT,Consultant,Senior,46970.41
4060,Amanda Gonzalez,37,HR,Consultant,Mid-level,75654.73
8259,Jenny Richardson,34,Finance,Sales Executive,Junior,87205.6
8182,Valerie Werner,27,Customer Service,Consultant,Senior,99105.71
1947,Evan Oliver,57,Customer Service,Engineer,Senior,96923.69
6352,Todd Holt,27,HR,Engineer,Junior,108883.27
3402,Kimberly Rogers,28,HR,Technician,Junior,56635.84
4055,Jose Lowery,45,Engineering,Engineer,Senior,88952.4
2647,Richard Moore,46,Finance,Engineer,Senior,32898.45
6163,Tammy Hall,36,Finance,Manager,Senior,76434.62
7294,Stephen Ford,39,Finance,Engineer,Mid-level,37980.14
3586,Adam Stuart,40,HR,Consultant,Junior,71136.38
7258,Travis Estrada,50,Marketing,Technician,Junior,83561.57
7421,Eric Davis,42,Engineering,Technician,Junior,48185.25
4496,Christina Jacobs,37,Finance,Engineer,Mid-level,48853.71
1894,Amy Graham,32,Engineering,Manager,Mid-level,56252.32
7919,Kevin Johnson,32,Marketing,Sales Executive,Mid-level,115719.15
3378,Danny Ford,34,Customer Service,Developer,Senior,44633.09
5893,David Foster,51,Customer Service,Analyst,Mid-level,35299.84
4843,Gabrielle Powell,25,Marketing,Consultant,Senior,76157.3
5617,Jesus Rodriguez,32,HR,Technician,Senior,45189.83
6804,Joan David,33,Marketing,Technician,Senior,44953.81
2197,Lisa Wilson,33,Marketing,Consultant,Mid-level,44398.57
4287,Maria Obrien PhD,60,Sales,Manager,Mid-level,62712.74
5095,Angela Crawford,36,Engineering,Manager,Mid-level,112013.93
3354,Jessica Lee,46,IT,Consultant,Mid-level,107738.18
6020,Tyler Perez,25,Marketing,Analyst,Mid-level,116977.16
9497,Colleen Alvarez,51,IT,Manager,Senior,45138.75
7819,Steven Bennett,39,Engineering,Engineer,Junior,58021.47
9435,Donald Rodriguez,26,HR,Technician,Junior,64744.6
2364,Sarah Parks,35,Finance,Sales Executive,Mid-level,88341.43
7710,Ryan Jimenez,22,IT,Technician,Mid-level,75064.59
1285,Paul Allen,37,Sales,Engineer,Senior,41493.08
4588,Jeffrey Cline,38,Engineering,Manager,Mid-level,90176.99
7495,Tracy Nichols,33,Engineering,Engineer,Junior,65839.32
6967,Anthony Love,22,IT,Sales Executive,Junior,69090.26
1677,Corey Barker,34,Sales,Engineer,Senior,47974.57
7754,Annette Foster,58,Engineering,Consultant,Senior,67603.72
5255,Samuel Boyd,42,Finance,Consultant,Senior,90291.88
5803,Jonathan Adams,60,Customer Service,Manager,Senior,30700.45
8927,Angela Flores,55,Engineering,Developer,Mid-level,51760.82
1047,Kathryn Smith,39,Finance,Analyst,Senior,41707.58
1421,Tara Jones,34,Customer Service,Engineer,Senior,36885.89
4372,Kimberly Brooks,41,IT,Technician,Mid-level,64831.42
1822,Martin Wilson,46,Customer Service,Manager,Senior,58708.45
9531,Robin Walker,59,HR,Sales Executive,Mid-level,114880.15
2119,Karen Mccoy,26,Finance,Engineer,Senior,32277.07
6007,Paige Warren,35,Customer Service,Sales Executive,Junior,55048.73
2086,Steven Marshall,45,HR,Manager,Junior,52826.47
7976,Jeremy Howard,29,Customer Service,Consultant,Mid-level,115702.54
4951,Jack Taylor,28,IT,Sales Executive,Mid-level,77201.69
2664,Angela Anderson,54,Finance,Manager,Junior,52785.4
1563,Rachel Valentine,22,Marketing,Sales Executive,Junior,105568.04
6330,Emily Phillips,49,Sales,Engineer,Senior,78703.19
7282,Tara Shaw,46,Marketing,Consultant,Senior,58884.3
6549,Kerri Raymond,54,Marketing,Manager,Mid-level,84738.52
9211,Kathleen Smith,28,Sales,Engineer,Junior,104503.12
8372,Michael Mathews,34,IT,Analyst,Mid-level,56089.01
5188,Tracy Reyes,25,HR,Manager,Mid-level,82061.97
3606,Tina White,37,HR,Technician,Mid-level,81178.48
7975,Daniel Wood,33,Finance,Manager,Senior,95732.81
2600,Megan Stone,29,Customer Service,Sales Executive,Junior,105870.81
1849,April Estrada,53,IT,Developer,Mid-level,49531.21
9415,Lisa Best,31,Finance,Engineer,Mid-level,106330.94
5518,Amanda Landry,45,Engineering,Sales Executive,Mid-level,77151.6
6321,Deborah Owen,58,HR,Analyst,Senior,77742.04
9446,Grant Thompson,44,HR,Manager,Junior,97398.47
7634,Noah Richardson,58,Marketing,Technician,Junior,42879.64
4942,Heather Marquez,49,Marketing,Sales Executive,Senior,51748.38
7338,Jason Taylor,36,HR,Technician,Senior,101743.2
3778,Kevin Ross,31,HR,Developer,Senior,46808.06
6030,Michael Jones,53,Finance,Analyst,Senior,85805.95
8189,Riley Parker,23,Sales,Analyst,Mid-level,111260.3
9059,Heidi Barnes,31,Engineering,Engineer,Senior,99260.49
5077,Willie Murphy,44,Sales,Analyst,Mid-level,96815.86
9224,Lisa Rivers,23,Finance,Analyst,Senior,100307.54
9122,Tamara Hooper DDS,31,HR,Engineer,Junior,115759.51
8337,Catherine Brooks,23,Finance,Sales Executive,Senior,51097.11
8745,Robin Estrada,37,HR,Technician,Junior,81946.82
6409,Gregory Evans,30,Engineering,Technician,Senior,74399.32
3509,Brian Navarro,56,Sales,Analyst,Mid-level,59125.54
2045,Dwayne Carlson,50,Sales,Developer,Junior,63838.07
5980,Jennifer Gray,48,Finance,Consultant,Junior,90102.23
8320,Randy Thompson,34,Marketing,Developer,Mid-level,65791.08
2389,Nicole Horton,40,Marketing,Engineer,Senior,94396.83
3843,William Carroll,27,Customer Service,Technician,Senior,73113.52
5150,Paul Vasquez,39,Customer Service,Consultant,Junior,48270.84
7034,Mr. Jeremy Russo,51,IT,Manager,Senior,80045.23
6159,Daniel Fuller,41,Sales,Technician,Mid-level,118742.83
4384,Hannah Vega,58,Finance,Engineer,Junior,37136.27
8463,Benjamin Reed,57,HR,Developer,Mid-level,96194.86
8363,Willie Williams,39,Sales,Analyst,Senior,37995.34
3155,Jeffrey Johnson,56,Sales,Developer,Mid-level,115292.68
2573,Stephanie Parrish,26,Sales,Analyst,Junior,50727.89
7865,Tom Brown,59,Sales,Technician,Mid-level,83050.78
3932,James Atkinson,46,Engineering,Developer,Senior,84799.86
2737,Joe Mitchell,29,Marketing,Consultant,Mid-level,64160.19
5961,Felicia Moore,48,Finance,Developer,Senior,79048.59
2962,Wendy Fowler,46,Sales,Sales Executive,Senior,99810.04
8635,Emily Anderson,58,Sales,Developer,Senior,49704.06
5225,Shawn Mcintosh,30,IT,Manager,Senior,52401.78
1529,Omar Payne,33,Finance,Developer,Mid-level,73392.07
6766,Jacqueline Bryant,47,Engineering,Engineer,Senior,92884.39
5506,Anthony Rowland,42,Marketing,Sales Executive,Junior,113339.76
1419,Wendy Butler,24,Customer Service,Engineer,Mid-level,69135.87
8376,Joshua Richardson,22,Finance,Consultant,Senior,76621.03
9512,James Bennett,43,Sales,Developer,Junior,51373.86
2432,Lynn Rodriguez,25,Sales,Consultant,Mid-level,101052.13
5870,Erin Jones,46,Engineering,Sales Executive,Junior,69117.46
8533,Edward Douglas,48,Marketing,Technician,Senior,115348.29
2575,Brandon Stewart,29,Marketing,Technician,Mid-level,79007.57
1509,Bryan Stanley,58,HR,Analyst,Senior,45818.1
8006,Madison Ford,42,Sales,Manager,Junior,76869
8493,Gary Parker,37,IT,Engineer,Junior,65199.71
5106,James Harris,59,Customer Service,Analyst,Senior,76146.46
4727,Emily King,43,IT,Sales Executive,Junior,46468.27
4515,Debra Arias,52,Finance,Analyst,Senior,64291.69
8392,Betty Arellano,47,Engineering,Analyst,Senior,99665.49
1603,Dr. Debra Hernandez,44,Customer Service,Developer,Senior,53067.98
2144,Patricia Green,60,Customer Service,Manager,Senior,34940.57
9105,Crystal Ramos,46,Engineering,Consultant,Junior,91206.61
1366,Angela James,51,Customer Service,Analyst,Junior,107941.05
2856,Christopher Brown,46,IT,Technician,Mid-level,82384.37
8042,James Horn,34,Marketing,Analyst,Senior,71797.17
1962,Lindsay Rogers,42,Customer Service,Sales Executive,Junior,77226.29
1779,Ariana Price,53,HR,Sales Executive,Senior,69662.77
2530,Michael Francis,44,IT,Analyst,Junior,68319.07
4424,Melanie Flores,41,Customer Service,Sales Executive,Senior,33161.75
9287,Jeremy White,29,Marketing,Sales Executive,Junior,110772.14
2597,Daniel Collins,24,Marketing,Developer,Mid-level,82737.22
2899,Timothy Acevedo,46,Sales,Developer,Mid-level,31500.63
1391,Daniel Garcia,55,Customer Service,Consultant,Mid-level,38436.25
7673,Amy Sullivan,45,IT,Technician,Senior,87330.7
8325,Debra Andrews,56,Engineering,Developer,Senior,99113.88
7947,Ronald Simmons,39,Finance,Analyst,Mid-level,108829.4
3480,Patricia Ross,50,HR,Consultant,Mid-level,41972.28
9887,Molly Moore,39,IT,Manager,Mid-level,44491.46
6783,Tracy Harper,52,IT,Sales Executive,Junior,43106.66
3887,Patricia Edwards,42,Engineering,Sales Executive,Mid-level,83546.85
3183,Tiffany Holt,48,Marketing,Engineer,Junior,118081.44
9236,Kara Pope,24,HR,Analyst,Mid-level,73926.68
6835,Maria Jackson,42,Marketing,Sales Executive,Junior,95174.01
3558,Rhonda Bonilla,59,Marketing,Technician,Junior,115924.26
6303,Cameron Gentry,35,Engineering,Analyst,Senior,96530.57
6132,Paul Lee,45,Customer Service,Engineer,Mid-level,117508.73
7461,Sandra Wright,54,Finance,Sales Executive,Junior,47664.19
6537,Larry Myers,53,IT,Manager,Senior,58612.16
1587,Maria Pittman,31,Finance,Analyst,Junior,48205.46
2377,Cynthia Shaffer,35,Engineering,Engineer,Senior,57710.35
6465,William Williams,46,Engineering,Technician,Senior,30224.73
7601,Sara Miller,46,Finance,Engineer,Mid-level,79633.82
4277,Robin Erickson,37,Customer Service,Manager,Mid-level,119029.94
4352,Elizabeth Wheeler,39,Sales,Manager,Mid-level,80374.33
1755,Susan Tucker,44,HR,Analyst,Junior,82546.88
8909,Fernando Johnson,23,Marketing,Consultant,Junior,41689.6
4996,Heidi Robinson,53,IT,Sales Executive,Senior,76807.29
4658,Robert Barker,40,IT,Developer,Junior,47476.43
5781,Henry Mccormick,30,HR,Consultant,Senior,82425.85
1305,Devin Everett,57,Marketing,Engineer,Senior,99802.67
8775,Justin Wong,56,HR,Developer,Senior,105021.06
2827,Craig Jones,55,Finance,Sales Executive,Junior,36672.2
2730,Katherine Smith,52,IT,Consultant,Senior,80830.87
9735,John Lane,51,Finance,Manager,Junior,44003.4
8433,Catherine Hansen,48,Sales,Manager,Mid-level,118768.53
3896,Steven King,29,Customer Service,Consultant,Mid-level,87210.15
3310,Gabriel Shaw,52,IT,Consultant,Senior,96743.26
3085,Amanda Cooper,48,IT,Manager,Senior,82201.14
8274,Melissa Myers,22,Finance,Technician,Junior,63418.29
7492,Kristen Jones,42,Finance,Analyst,Senior,51219.5
3852,Patrick Cooley,60,Engineering,Consultant,Mid-level,86432.27
9800,Richard Kelley,44,Sales,Developer,Senior,45465.27
5488,James Thomas,47,Engineering,Consultant,Senior,66490.82
9182,Victor Blair,26,Customer Service,Manager,Junior,84228.07
6679,Curtis King,51,HR,Engineer,Mid-level,80008.47
8739,Antonio Whitehead,56,Engineering,Manager,Mid-level,107564.98
1872,Mary Watkins,34,Marketing,Sales Executive,Senior,64918.35
6458,Denise Gardner,58,Customer Service,Technician,Mid-level,105083.18
8268,Carol Martinez,38,Sales,Technician,Mid-level,63231.29
3191,Matthew Tate,46,Engineering,Sales Executive,Senior,62680.03
7620,Catherine Morales,60,Marketing,Sales Executive,Mid-level,55635.64
5108,Gregory Howell,22,Finance,Manager,Senior,113222.53
2902,Ryan Stewart,33,IT,Developer,Senior,86278.09
2025,Regina Delgado,42,IT,Developer,Senior,87701.94
2018,Alexander Garza,46,Marketing,Developer,Mid-level,112192.82
5992,Bradley Gallegos,52,IT,Sales Executive,Senior,34216.23
3902,Robert Levine,42,Marketing,Manager,Senior,62075.1
6572,Kristy Solomon,57,Engineering,Engineer,Junior,45880.59
8283,Lauren Brennan,46,Sales,Analyst,Junior,97673.88
5990,Laura Green,37,Engineering,Technician,Junior,59217.26
4703,Stephanie Johnson,33,Sales,Technician,Mid-level,97117.07
9492,Laura Cabrera,34,Customer Service,Developer,Junior,83681.59
1695,Haley Anderson,52,HR,Analyst,Mid-level,64446.55
2758,Danny Mejia,36,Finance,Manager,Mid-level,35464.27
4736,Amanda James,41,IT,Technician,Senior,75013.75
3019,Alexandria Johnson,54,Customer Service,Manager,Mid-level,116471.49
9841,Patrick Maxwell,52,Marketing,Developer,Junior,34293.57
5036,Debra Lutz,49,Engineering,Manager,Mid-level,119366.88
4245,Kenneth Martinez,50,Sales,Analyst,Junior,60314.93
5421,Lori Farley,32,Customer Service,Consultant,Senior,118024.82
7758,Allison Young,50,Customer Service,Engineer,Senior,76298.64
6169,John Conrad,60,Customer Service,Engineer,Senior,94898.7
4635,Brett Carlson,46,Marketing,Analyst,Mid-level,65788.11
1031,Mrs. Susan Powell,57,Customer Service,Manager,Senior,98294.48
3993,Matthew Thornton,51,IT,Sales Executive,Senior,52394.86
3661,Kimberly Mcgee,22,Engineering,Sales Executive,Junior,96337.37
9894,Michael Dillon,52,HR,Manager,Junior,117748.87
7684,Adam Yoder,60,Marketing,Manager,Mid-level,43479.7
9938,Cody Thomas,48,Marketing,Technician,Junior,91397.15
7239,Juan Wright,45,Marketing,Developer,Junior,44317.1
8629,Andrea Lopez,36,Sales,Analyst,Senior,105912.04
5983,Meghan Morris,54,Finance,Manager,Senior,68244.66
8484,Rebecca Fischer,25,Sales,Consultant,Senior,91896.65
9461,Anne Lowery,45,Customer Service,Consultant,Junior,108750.05
7070,Tammy Ponce,28,HR,Sales Executive,Junior,108213.54
9113,Nicholas Perez,58,Engineering,Technician,Mid-level,104007.32
6510,Brian Rhodes,46,Marketing,Sales Executive,Mid-level,76855.43
8483,Derrick Norris,59,Engineering,Developer,Senior,56778.37
8964,Eric Cooper,60,IT,Developer,Mid-level,104908.34
7952,Stephanie Wade,23,Finance,Consultant,Junior,70683.59
5747,David Dixon,53,HR,Sales Executive,Mid-level,77166.67
9161,Leslie Hansen,59,Sales,Manager,Junior,46999.36
1296,Brandon Lewis,54,HR,Technician,Junior,79891.86
7535,Edwin Brock,31,Engineering,Developer,Senior,114764.16
9584,Amy Duncan,57,Customer Service,Sales Executive,Junior,68104.86
9847,Robert Crosby,33,Customer Service,Analyst,Mid-level,92947.15
1214,Christopher Campbell,28,Marketing,Sales Executive,Mid-level,34909.75
1913,Debbie Price,48,Finance,Analyst,Junior,64746.19
5425,Patrick Neal,25,Sales,Engineer,Senior,53241.25
7105,Jillian Martinez,35,Finance,Manager,Senior,72732.65
7903,Derrick Young,35,IT,Engineer,Junior,39097.86
3479,Daniel Wong,36,Sales,Engineer,Mid-level,98590.67
5877,Stacy Smith,44,Marketing,Manager,Junior,53045.32
4548,Glenn Guzman,33,Sales,Analyst,Mid-level,106400.68
7146,Taylor Boyd,54,Marketing,Manager,Mid-level,92699.48
9926,Kevin Henderson,55,Engineering,Manager,Senior,38008.79
6669,Gary Peterson,44,Sales,Analyst,Junior,81616.85
8091,Amy West,33,Engineering,Sales Executive,Mid-level,95917.92
2021,Andrew Wells,54,Engineering,Manager,Mid-level,65925.08
2368,Garrett Walker,40,HR,Technician,Senior,39712.83
6625,Vincent Watson,26,Marketing,Sales Executive,Junior,65540.2
6143,Barbara Neal,54,Sales,Analyst,Senior,113365.94
2781,Christina Perry,43,Sales,Technician,Senior,77864.08
4912,Brent Morton,30,Sales,Analyst,Mid-level,114914.31
3808,Jesus Ramirez,55,Marketing,Technician,Junior,65190.84
9581,Ashley Kerr,48,Engineering,Technician,Mid-level,81848.75
8755,Steven Mccoy,39,Finance,Sales Executive,Mid-level,117667.05
2743,Elizabeth Rogers,46,Customer Service,Sales Executive,Senior,101023.85
9121,Jacqueline Garcia,26,IT,Sales Executive,Junior,58974.31
7935,Misty Gonzalez,39,IT,Consultant,Junior,45204.07
2295,Jordan Barron,26,Marketing,Manager,Junior,56891.03
2450,Steven Hamilton,42,HR,Engineer,Senior,107150.59
5378,David Williams,58,Customer Service,Analyst,Senior,84345.62
7243,Joshua Arias,27,HR,Engineer,Mid-level,92170.91
5687,Mitchell Charles,24,Engineering,Analyst,Junior,110603.86
8407,James Rowe,57,IT,Technician,Mid-level,95917.06
4090,Carlos Lambert,53,Finance,Engineer,Junior,78019.73
4011,Julie Fox,46,Finance,Sales Executive,Junior,33548.04
9202,Paul Kemp,23,Marketing,Sales Executive,Senior,93193.6
7954,John Steele,31,Engineering,Technician,Junior,97079.76
3603,Kevin Cervantes,36,Marketing,Manager,Junior,46744.48
5571,Christine Greene,51,Engineering,Engineer,Junior,96921.41
6292,Nicole Lopez,53,IT,Consultant,Junior,95370.5
8068,Amy Moreno,51,HR,Sales Executive,Mid-level,99425.7
1127,Amanda Smith,23,Sales,Consultant,Mid-level,115373.72
2599,Jacob Carey,58,Finance,Analyst,Junior,78466.51
9186,Kenneth Moore,42,Finance,Developer,Mid-level,55380.75
9994,Heather Arroyo,53,HR,Manager,Senior,98467.01
6837,Sara Johnson,58,Customer Service,Consultant,Junior,43313.51
8341,Catherine Chen,51,Marketing,Manager,Senior,66104.17
3414,Jon Wagner,25,Marketing,Manager,Junior,106326.31
1678,Eugene Wagner,39,Finance,Developer,Senior,47956.49
7236,David Johnson,37,Finance,Developer,Mid-level,108979.13
3920,Bryan Kim,33,Sales,Manager,Mid-level,115685.28
2753,Teresa Curry,31,Engineering,Manager,Mid-level,108740.25
5290,Daniel Taylor,45,IT,Manager,Junior,81663.31
1576,Mitchell Robinson,43,Marketing,Engineer,Mid-level,99535.15
2700,Todd Romero,47,Marketing,Manager,Mid-level,57274.83
6464,Kathleen Davis,53,Customer Service,Technician,Mid-level,105118.96
7915,Todd Miller,32,Finance,Analyst,Junior,43841.89
7470,Robin Bradshaw,27,Marketing,Consultant,Mid-level,74663.63
2868,Amanda Mclean,52,Marketing,Sales Executive,Mid-level,111182.63
8802,Laura Thompson,41,IT,Technician,Senior,47114.94
6392,Gary Colon,56,Marketing,Engineer,Junior,83899.16
7041,Jill Webb,48,HR,Sales Executive,Senior,89071.91
1062,Christopher Lam,36,HR,Consultant,Junior,107946.91
9127,Micheal Swanson,55,Sales,Developer,Mid-level,30896.26
8925,Joshua Gomez,45,Finance,Sales Executive,Junior,94383.55
1217,Ashley Baxter,49,HR,Developer,Mid-level,103009.2
3283,Brian Swanson,35,Customer Service,Analyst,Mid-level,60523.41
4840,Alvin Jones,46,Sales,Manager,Junior,116132.98
7573,Stephanie Ramos,24,Sales,Technician,Senior,38253.6
5366,Jordan Huff,57,Finance,Consultant,Mid-level,34872.45
8088,Jacqueline Bowman,53,IT,Manager,Mid-level,94497.93
5403,Tammy Lopez,47,Marketing,Sales Executive,Junior,109546.7
9342,Nathan Garcia,51,Finance,Technician,Junior,47172.28
7370,Robert Thompson,23,IT,Analyst,Junior,117071.91
4205,Melissa May,40,Finance,Analyst,Junior,68421.07
8258,Luke King,54,HR,Developer,Senior,51458.67
5704,Wendy Webb,56,Finance,Analyst,Mid-level,93356.03
5268,Ashley Cobb,52,IT,Analyst,Senior,88937.06
6584,Michelle Butler,60,IT,Consultant,Junior,79137.99
6056,Raven Cox,41,HR,Technician,Mid-level,79686.55
3900,Daniel Woods,23,Customer Service,Manager,Junior,48574.77
7957,Nicole Frazier,55,IT,Manager,Mid-level,101160.27
1311,Zachary Miller,30,Marketing,Developer,Senior,104650.24
9244,Valerie Patterson,48,IT,Developer,Mid-level,111408.87
9773,John Savage,31,Marketing,Engineer,Mid-level,109880.99
